Time,Status
0 days 00:00:04.776000,Inactive
0 days 00:44:02.355000,Started
0 days 01:09:40.972000,Finished
0 days 01:12:20.912000,Finalised
0 days 01:12:22.749000,Ends
