Time,Status
0 days 00:00:03.723000,Inactive
0 days 00:35:23.625000,Started
0 days 01:04:33.409000,Finished
0 days 01:08:10.760000,Finalised
0 days 01:08:11.572000,Ends
