Time,Status
0 days 00:00:05.503000,Inactive
0 days 00:44:34.562000,Started
0 days 01:12:28.851000,Finished
0 days 01:15:37.095000,Finalised
0 days 01:15:38.507000,Ends
