Time,Status
0 days 00:00:04.484000,Inactive
0 days 01:30:46.471000,Started
0 days 01:55:45.048000,Finished
0 days 01:59:34.936000,Finalised
0 days 02:05:10.745000,Ends
