Time,Status
0 days 00:00:10.136000,Inactive
0 days 00:57:16.942000,Started
0 days 01:27:24.359000,Finished
0 days 01:30:11.325000,Finalised
0 days 01:30:11.669000,Ends
