Time,Status
0 days 00:00:08.843000,Inactive
0 days 01:00:19.288000,Started
0 days 01:35:20.780000,Finished
0 days 01:44:29.383000,Finalised
0 days 01:44:54.367000,Ends
