Time,Status
0 days 00:00:06.578000,Inactive
0 days 00:45:16.328000,Started
0 days 01:18:34.226000,Finished
0 days 01:21:35.177000,Finalised
0 days 01:21:36.193000,Ends
