Time,Status
0 days 00:00:06.750000,Inactive
0 days 00:54:47.321000,Started
0 days 01:26:18.409000,Finished
0 days 01:33:58.685000,Finalised
0 days 01:33:58.685000,Ends
