Time,Status
0 days 00:00:03.578000,Inactive
0 days 00:41:41.441000,Started
0 days 01:12:08.390000,Finished
0 days 01:36:51.936000,Finalised
0 days 01:36:52.155000,Ends
