Time,Status
0 days 00:00:06.884000,Inactive
0 days 01:04:56.449000,Started
0 days 01:31:26.737000,Finished
0 days 01:35:11.223000,Finalised
0 days 01:38:55.535000,Ends
