Time,Status
0 days 00:00:03.491000,Inactive
0 days 00:56:00.694000,Started
0 days 01:26:12.227000,Finished
0 days 01:29:40.526000,Finalised
0 days 01:38:34.138000,Ends
