Time,Status
0 days 00:00:05.450000,Inactive
0 days 01:02:06.774000,Started
0 days 01:32:46.576000,Finished
0 days 01:35:41.396000,Finalised
0 days 01:35:41.396000,Ends
